#SampleID	Sample_Name_s	BarcodeSequence	LinkerPrimerSequence	Subject	Sex	Age	Pittsburgh	Bell	BMI	sCD14ugml	LBPugml	LPSpgml	IFABPpgml	Physical_functioning	Role_physical	Role_emotional	Energy_fatigue	Emotional_well_being	Social_functioning	Pain	General_health	Description
ERR1331797	LR17	AAGGGACAAGTG	TATGGTAATTGT	Patient	Female	67	2	40.0	32.89	1.65	15.01	279.3	145.0	40.0	0.0	0.0	35.0	52.0	25.0	23.0	30.0	
ERR1331823	IC19	TCCACCCTCTAT	TATGGTAATTGT	Control	Female	43			26.15	1.36	18.76	100.54	184.1									
ERR1331841	LR49	CTGTAGCTTGGC	TATGGTAATTGT	Control	Female	60			30.89	1.23	12.43	97.36	234.4									
ERR1331813	LR77	ACTGAGCTGCAT	TATGGTAATTGT	Patient	Female	35		35.0	22.9	2.35	15.38	254.32	345.0									
ERR1331804	LR69	GTTAGGGAGCGA	TATGGTAATTGT	Patient	Female	50	3	20.0	17.7	2.87	22.58	167.43	451.3	25.0	0.0	0.0	0.0	48.0	25.0	33.0	10.0	
ERR1331807	LR65	CTATTAAGCGGC	TATGGTAATTGT	Patient	Female	54	3	20.0	29.95	2.21	19.34	145.39	143.0	25.0	0.0	100.0	0.0	88.0	0.0	10.0	30.0	
ERR1331855	LR50	CTGGACGCATTA	TATGGTAATTGT	Control	Female	42			17.41	0.93	10.22	160.24										
ERR1331824	IC18	CTGTTACAGCGA	TATGGTAATTGT	Control	Female	48			34.15	1.09	14.55	123.65	230.5									
ERR1331816	LR74	AGCCTGGTACCT	TATGGTAATTGT	Patient	Male	51	1	30.0	24.39	1.81	14.84	132.76	23.2	50.0	25.0	100.0	10.0	64.0			15.0	
ERR1331859	LR54	TGTCTCGCAAGC	TATGGTAATTGT	Patient	Female	63	3	30.0	25.79	2.24	16.8	54.43		15.0	0.0	100.0	50.0	76.0	0.0	10.0	10.0	
ERR1331866	LR35	GTTTGCTCGAGA	TATGGTAATTGT	Patient	Female	19	3	20.0	27.44	0.95	12.21	124.32	246.0	15.0	0.0	100.0	0.0	56.0	0.0	0.0	35.0	
ERR1331836	LR42	GGTGGTCGTTCT	TATGGTAATTGT	Control	Female	35			30.66	1.48	10.23	53.62	482.7									
ERR1331854	LR51	TAAGACTACTGG	TATGGTAATTGT	Control	Female	46			28.34	1.85	12.32	105.92										
ERR1331848	LR22	AGCCAGTCATAC	TATGGTAATTGT	Patient	Female	56	1	50.0	22.24	1.96	12.66	60.85	898.8	70.0	100.0	33.0	50.0	56.0	50.0	65.0	35.0	
ERR1331809	LR79	TTACTGTGGCCG	TATGGTAATTGT	Patient	Female	53	3	20.0	28.34	1.98	13.07	34.32	212.6	6.0	0.0	33.0	50.0	56.0	50.0	45.0	30.0	
ERR1331806	LR64	ACCCACCACTAG	TATGGTAATTGT	Patient	Female	25	1	30.0	25.06	2.12	21.67	132.43	163.3	40.0	0.0	0.0	20.0	52.0			65.0	
ERR1331791	LR08	TCTCAGCGCGTA	TATGGTAATTGT	Patient	Female	45	3	10.0	25.23	2.12	15.24	72.14	223.3	45.0	0.0	0.0	50.0	50.0	0.0	10.0	25.0	
ERR1331818	IC04	CAGACACTTCCG	TATGGTAATTGT	Control	Male	32			32.98	1.64	13.23	97.45	572.1									
ERR1331845	LR27	GTCCCGTGAAAT	TATGGTAATTGT	Patient	Female	48	1	90.0	21.45	1.81	13.88	78.24	244.5	95.0	75.0	100.0	60.0	64.0	100.0	90.0	35.0	
ERR1331830	IC11	TTGAAATCCCGG	TATGGTAATTGT	Control	Male	36			30.13	0.98	10.21	87.32	167.2									
ERR1331828	IC13	TCACCATCCGAG	TATGGTAATTGT	Control	Female	39			28.93	1.44	13.24	54.34	379.3									
ERR1331800	LR10	TCACCCAAGGTA	TATGGTAATTGT	Patient	Male	61	1	20.0	25.06	2.34	18.22	61.14	384.2	40.0	25.0	100.0	0.0	76.0	0.0	60.0		
ERR1331785	LR02	GAGTCCGTTGCT	TATGGTAATTGT	Control	Female	55			19.0	1.32	10.23	40.04	408.3	95.0	100.0	100.0	75.0	68.0	75.0	90.0	85.0	
ERR1331819	IC05	ATCACATTCTCC	TATGGTAATTGT	Control	Female	33			21.77	0.83	9.34	99.54	159.5									
ERR1331815	LR75	GAGTTAGCATCA	TATGGTAATTGT	Patient	Male	41			32.3	2.11	34.52	201.34	845.1									
ERR1331849	LR23	CGGTAGTTGATC	TATGGTAATTGT	Patient	Female	26	0	90.0	21.25	1.44	10.35	97.45	158.5	95.0	100.0	100.0	55.0	92.0	100.0	90.0	35.0	
ERR1331790	LR05	ACTAGGATCAGT	TATGGTAATTGT	Patient	Female	51	1	20.0	20.98	1.92	10.6	130.4	204.9	20.0	0.0	0.0	0.0	32.0	0.0	23.0	0.0	
ERR1331871	LR30	ACACGACTATAG	TATGGTAATTGT	Patient	Female	59	no	40.0	21.61	1.2	12.24	53.57	365.3	35.0	0.0	100.0	5.0	80.0	0.0	45.0	30.0	
ERR1331838	LR40	GTGTAGGTGCTT	TATGGTAATTGT	Patient	Female	27	3	50.0	26.47	1.49	23.23	123.87	342.6	50.0	0.0	0.0	5.0	8.0	0.0	23.0	10.0	
ERR1331869	LR32	TCCGAGTCACCA	TATGGTAATTGT	Patient	Female	42			34.94	2.44	27.49	165.87	225.7	65.0	0.0	0.0	50.0	64.0			25.0	
ERR1331801	LR12	AACTGGAACCCT	TATGGTAATTGT	Patient	Male	64	2	40.0	24.33	2.18	18.44	75.68	909.9	70.0	0.0	0.0	30.0	72.0		23.0	35.0	
ERR1331792	LR09	ACCGTCTTTCTC	TATGGTAATTGT	Control	Female	43	1	90.0	22.14	1.62	14.23	64.14	151.3	80.0	100.0	100.0	60.0	24.0	50.0	65.0	60.0	
ERR1331789	LR04	GCACTGGCATAT	TATGGTAATTGT	Patient	Female	53	2	50.0	24.03	1.33	12.65	55.96	607.4	75.0	25.0	67.0	15.0	64.0	25.0	45.0	30.0	
ERR1331853	IC21	ACGAAGTCTACC	TATGGTAATTGT	Patient	Male	34	100	20.0	25.7	2.78	17.85	45.54	97.1	40.0	0.0	100.0	15.0	56.0	13.0	33.0	20.0	
ERR1331870	LR31	CCGAATTGACAA	TATGGTAATTGT	Patient	Female	50			21.96	1.89	14.31	98.23	448.9	0.0	0.0	100.0	0.0	72.0	0.0	20.0	5.0	
ERR1331799	LR11	TAACGGCGCTCT	TATGGTAATTGT	Patient	Female	68	1	30.0	21.63	1.97	17.68	138.0	153.7	45.0	0.0	0.0	0.0	64.0	0.0	45.0	10.0	
ERR1331850	LR28	ACGCTTAACGAC	TATGGTAATTGT	Control	Female	50	2		29.65	1.82	17.64	61.2	124.2	80.0	75.0	67.0	40.0	60.0	100.0	90.0	65.0	
ERR1331861	LR56	GAACAAAGAGCG	TATGGTAATTGT	Patient	Male	60	3	20.0	23.57	2.1	15.46	89.32		40.0	0.0	100.0	5.0	68.0	0.0	33.0	60.0	
ERR1331852	IC20	GCTAAAGTCGTA	TATGGTAATTGT	Control	Male	34			25.2	1.24	10.32	143.54	67.2	100.0	100.0	100.0	90.0	92.0	100.0	90.0	90.0	
ERR1331847	LR21	ATACTCGGCTGC	TATGGTAATTGT	Patient	Female	30	3	40.0	24.96	2.75	33.85	115.4	236.3	30.0	0.0	0.0	5.0	72.0	50.0	45.0	20.0	
ERR1331837	LR43	GGTTACGGTTAC	TATGGTAATTGT	Control	Female	57			33.28	1.74	10.34	82.88	191.8									
ERR1331821	IC07	ATGTGCTGCTCG	TATGGTAATTGT	Control	Female	56			34.86	0.87	10.24	32.21	288.5									
ERR1331833	LR47	CAAACGCACTAA	TATGGTAATTGT	Control	Male	54			28.19	1.38	12.43	69.24	487.6									
ERR1331820	IC06	ACCTATGGTGAA	TATGGTAATTGT	Control	Female	47			24.36	0.98	10.43	65.55	806.0									
ERR1331868	LR33	GGACAGTGTATT	TATGGTAATTGT	Patient	Female	64		20.0	16.3	1.78	11.0	67.1		5.0	0.0	100.0	5.0	88.0	13.0	10.0	10.0	
ERR1331834	LR44	TTAGGCAGGTTC	TATGGTAATTGT	Control	Female	49			41.4	1.51	10.23	83.2	146.4									
ERR1331802	LR83	ATATAAGGCCCA	TATGGTAATTGT	Patient	Female	52			40.7	2.55	21.21	189.43	345.3									
ERR1331862	IC3	CAGCCGCATATC	TATGGTAATTGT	Control	Female	52			21.79	1.53	13.23	53.57	80.7									
ERR1331863	LR58	CGCGAAGTTTCA	TATGGTAATTGT	Control	Female	61			28.58	1.67	13.09	65.23										
ERR1331788	LR06	GCTCCTTAGAAG	TATGGTAATTGT	Patient	Female	50	2	20.0	30.41	1.34	7.06	53.13	601.6	15.0	0.0	100.0	0.0	88.0	13.0	0.0	10.0	
ERR1331798	LR16	GGCATTAGTTGA	TATGGTAATTGT	Patient	Female	50	3	20.0	37.59	1.47	22.7	131.6	296.7	75.0	0.0	0.0	0.0	72.0	13.0	23.0	35.0	
ERR1331826	IC16	CTATGGTGAACC	TATGGTAATTGT	Control	Female	46			21.52	0.95	8.65	35.43	276.4									
ERR1331851	LR29	GTTCCGGATTAG	TATGGTAATTGT	Patient	Female	62	2	40.0	26.62	2.35	22.53	154.78	153.7	35.0	0.0	0.0	20.0	48.0	25.0	45.0	20.0	
ERR1331803	LR80	ACGGCTAGTTCC	TATGGTAATTGT	Patient	Female	52	3	30.0	23.8	1.8	20.73	187.87	252.7	35.0	0.0	0.0	10.0	12.0	0.0	35.0	0.0	
ERR1331840	LR48	ACATCAGGTCAC	TATGGTAATTGT	Control	Female	37			26.09	1.32	9.34	75.54	198.6									
ERR1331843	LR25	TCCCATTCCCAT	TATGGTAATTGT	Patient	Male	64	2	30.0	25.39	1.79	13.36	119.43	467.8	50.0	25.0	100.0	25.0	56.0	38.0	33.0	65.0	
ERR1331856	LR53	AGTGTCGATTCG	TATGGTAATTGT	Patient	Male	63	2	50.0	30.54	2.35	19.27	65.32		65.0	0.0	100.0	40.0	92.0	50.0	90.0	35.0	
ERR1331817	IC09	CGATACACTGCC	TATGGTAATTGT	Control	Male	55			46.86	1.68	14.32	187.32	178.3									
ERR1331786	LR03	AGAACCGTCATA	TATGGTAATTGT	Patient	Female	47	1	30.0	21.28	1.49	13.01	59.12	195.2	30.0	0.0	100.0	20.0	84.0	25.0	33.0	15.0	
ERR1331825	IC17	TACGTACGAAAC	TATGGTAATTGT	Control	Female	35			25.1	1.1	12.87	54.78	241.1									
ERR1331844	LR26	TATTCAGCGGAC	TATGGTAATTGT	Patient	Female	46	0	30.0	26.6	2.67	22.02	200.43	104.4	0.0	0.0	100.0	50.0	68.0	0.0	78.0	10.0	
ERR1331829	IC12	GATACGTTCGCA	TATGGTAATTGT	Control	Male	24			21.52	1.24	10.21	48.32	274.5									
ERR1331831	IC10	TCCTCTTTGGTC	TATGGTAATTGT	Control	Female	45			22.24	1.68	18.29	75.65	488.1									
ERR1331857	IC8	GTTGCTGAGTCC	TATGGTAATTGT	Control	Male	53			29.02	1.81	10.2	41.23	160.0									
ERR1331839	LR41	GCATTGAGTTCG	TATGGTAATTGT	Patient	Female	50	3	40.0	25.18	2.0	14.06	45.03	288.0	55.0	0.0	0.0	15.0	16.0	38.0	68.0	5.0	
ERR1331865	LR36	AATCCTCGGAGT	TATGGTAATTGT	Control	Female	20			20.8	1.07	9.23	55.78	241.1									
ERR1331787	LR01	CTACCGATTGCG	TATGGTAATTGT	Patient	Female	50	3	40.0	24.89	2.29	16.54	59.41	120.3	25.0	0.0	0.0	15.0	32.0	50.0	0.0	20.0	
ERR1331812	LR72	CAGAAGGTGTGG	TATGGTAATTGT	Patient	Male	64	1	30.0	22.85	1.78	26.01	122.2	517.5	60.0			15.0	56.0	0.0	68.0	20.0	
ERR1331796	LR15	CTCACGCAATGC	TATGGTAATTGT	Patient	Female	43	2	50.0	23.49	1.76	23.54	197.8	238.2	35.0	0.0	0.0	55.0	68.0	50.0	58.0	25.0	
ERR1331864	LR37	CTGGCATCTAGC	TATGGTAATTGT	Control	Female	48			22.59	1.41		53.14	601.1									
ERR1331808	LR67	GGACCAAGGGAT	TATGGTAATTGT	Control	Female	28			20.45	1.08	9.23	67.63		100.0	100.0	100.0	85.0	80.0	100.0	78.0	100.0	
ERR1331858	LR55	TGAACTAGCGTC	TATGGTAATTGT	Control	Female	48			25.06	2.42	17.83	74.74										
ERR1331810	LR78	CCTACCATTGTT	TATGGTAATTGT	Patient	Female	63	0	40.0	24.53	2.22	21.43	176.32	252.7	40.0	88.0	33.0	20.0	84.0	25.0	0.0	45.0	
ERR1331794	LR19	TAAACCTGGACA	TATGGTAATTGT	Patient	Female	57			20.17	1.4	9.34	104.0	272.5									
ERR1331811	LR73	TCGTGACGCTAA	TATGGTAATTGT	Patient	Male	39	2	50.0	28.66	1.94	30.54	134.98	278.3	50.0	25.0	0.0	27.0	36.0	25.0	33.0	20.0	
ERR1331846	LR20	AGTCTGTCTGCG	TATGGTAATTGT	Patient	Female	71	1	60.0	20.94	1.38	11.66	123.9	259.0	40.0	50.0	100.0	30.0	92.0	75.0	45.0	50.0	
ERR1331860	LR57	ACCGATTAGGTA	TATGGTAATTGT	Control	Female	56			19.37	1.25	14.22	147.84										
ERR1331805	LR62	GAGGCTGATTTA	TATGGTAATTGT	Patient	Female	46	2	20.0	20.8	2.44	22.54	96.4	730.6	60.0	0.0	0.0	40.0	36.0	25.0	55.0	30.0	
ERR1331842	LR24	TGAAAGCGGCGA	TATGGTAATTGT	Control	Male	54			27.19	1.2	12.45	134.64	312.6									
ERR1331872	LR38	AGCTTACCGACC	TATGGTAATTGT	Control	Female	50			24.89	1.85	15.63	56.74	126.1									
ERR1331822	IC01	GTTGATACGATG	TATGGTAATTGT	Control	Female	55			31.47	1.68	10.45	78.43	417.5									
ERR1331827	IC15	CCAAGATTCGCC	TATGGTAATTGT	Control	Female	48			25.92	1.34	12.32	47.09	173.0									
ERR1331793	LR52	ACTATGGGCTAA	TATGGTAATTGT	Patient	Female	33	2	50.0	22.86	1.97	24.96	70.21		65.0	0.0	100.0	30.0	88.0	63.0	68.0	40.0	
ERR1331835	LR45	GCGTGTAATTAG	TATGGTAATTGT	Control	Female	50			23.43	1.88	13.02	101.6	14.0									
ERR1331795	LR18	GACCCTAGACCT	TATGGTAATTGT	Patient	Male	62	1	20.0	24.39	1.0	8.75	101.9	908.0	55.0	0.0	100.0	10.0	88.0	38.0	55.0	10.0	
ERR1331867	LR34	TGTGGAAACTCC	TATGGTAATTGT	Control	Female	51			32.44	0.62		84.0	1067.9									
ERR1331832	LR46	ATGCCTCGTAAG	TATGGTAATTGT	Patient	Female	65	1	30.0	37.2	3.02	33.3	143.43	577.9	56.0	0.0	100.0	5.0	72.0	25.0	23.0	15.0	
